"0","#| message: false"
"0","#| warning: false"
"0","basic_hfr <- data %>% "
"0","  select(day, deaths, hospitalisations) %>% "
"0","  mutate(deaths = cumsum(deaths),"
"0","         hospitalisations = cumsum(hospitalisations)) %>% "
"0","  mutate(HFR = deaths / hospitalisations) "
"0",""
"0","true_hfr <- tail(basic_hfr$HFR, 1)"
"0",""
"0","ggplot(basic_hfr, aes(day, HFR)) +"
"0","  geom_point() +"
"0","  geom_hline(yintercept = true_hfr, col = ""red"", linetype = 2) +"
"0","  annotate(""text"", label = ""True HFR"", x = 25, y = 0.35) +"
"0","  labs(x = ""Time"", y = ""HFR"") +"
"0","  scale_y_continuous(limits = c(0, 0.5), expand = c(0, 0),"
"0","                     labels = scales::percent) +"
"0","  theme_minimal() +"
"0","  theme(axis.line = element_line())"
