"0","#| message: false"
"0","#| warning: false"
"0",""
"0","# reformat data for cfr package"
"0","inc_df <- ts_data %>% "
"0","  select(date = day,"
"0","         cases = hospitalisations,"
"0","         deaths) %>% "
"0","  mutate(date = as.Date(""2024-12-31"") + date)"
"0",""
"0","# estimate CFR accounting for delays"
"0","cfr_static(data = inc_df,"
"0","           delay_density = function(x) "
"0","             discrete_gamma(x, mean = mean_delay, sd = sd_delay)) %>% "
"0","  cbind(true_hfr)"
