"0","#| message: false"
"0","#| warning: false"
"0",""
"0","# load necessary packages and support functions"
"0","source(""support.R"")"
"0","pacman::p_load(rio,            # import/export files"
"0","               tidyverse,      # data cleaning, wrangling, plotting, etc."
"0","               drjacoby,       # flexible MCMC inference implementation"
"0","               patchwork,      # multi-panel plotting tools"
"0","               scales,         # labelling tools for plots"
"0","               matrixStats,    # stats on matrix object tools"
"0","               epitools,       # epi analysis tools"
"0","               cfr,            # tools to estimate disease severity"
"0","               kableExtra,     # tools to visualise data tables"
"0","               htmltools)      # tools for html-style visualisations"
"0",""
"0","# read in raw data"
"0","data <- rio::import(""incidence_data.csv"")"
"0",""
"0","# visualise data"
"0","data |>"
"0","  kbl() |>"
"0","  kable_styling(bootstrap_options = ""striped"", "
"0","                full_width = F, position = ""center"") |>"
"0","  scroll_box(width = ""900px"", height = ""200px"")"
