"0","#| message: false"
"0","#| warning: false"
"0","data <- rio::import(""incidence_data_day30.csv"")"
"0",""
"0","n_hosp <- sum(data$hospitalisations)"
"0","n_death <- sum(data$deaths)"
"0","n_recov <- sum(data$recoveries)"
"0","n_open <- n_hosp - n_recov - n_death"
"0",""
"0",""
"0","basic_hfr <- data %>% "
"0","  select(day, deaths, hospitalisations) %>% "
"0","  mutate(deaths = cumsum(deaths),"
"0","         hospitalisations = cumsum(hospitalisations))"
"0",""
"0","survey_times <- seq(20, 30, 5)"
"0",""
"0","hfr_conf <- basic_hfr %>% "
"0","  select(day, deaths, hospitalisations) %>% "
"0","  filter(day %in% survey_times) %>% "
"0","  mutate(epitools::binom.exact(x = deaths, n = hospitalisations)) %>% "
"0","  mutate(mean = round(proportion, 3),"
"0","         lb = round(lower, 3),"
"0","         ub = round(upper, 3)) %>% "
"0","  select(day, mean, lb, ub)"
"0",""
"0",""
"0","ggplot(hfr_conf) +"
"0","  geom_pointrange(aes(x = day, y = mean, ymin = lb, ymax = ub)) +"
"0","  geom_hline(yintercept = true_hfr, col = ""red"", linetype = 2) +"
"0","  annotate(""text"", label = ""True HFR"", x = 25, y = 0.35) +"
"0","  labs(x = ""Time"", y = ""HFR"") +"
"0","  scale_y_continuous(limits = c(0, 0.5), expand = c(0, 0),"
"0","                     labels = scales::percent) +"
"0","  theme_minimal() +"
"0","  theme(axis.line = element_line())"
