"0","#| message: false"
"0","#| warning: false"
"0",""
"0","discrete_gamma <- function(x, mean, sd) {"
"0","  pgamma(x, shape = mean^2 / sd^2, rate = mean / sd^2) -"
"0","    pgamma(x - 1, shape = mean^2 / sd^2, rate = mean / sd^2)"
"0","}"
"0",""
"0",""
"0","mean_delay <- mean(linelist$delay_death, na.rm = TRUE)"
"0",""
"0","sd_delay <- sd(linelist$delay_death, na.rm = TRUE)"
"0",""
"0",""
"0","data.frame(x = 1:50) |>"
"0","  mutate(y = discrete_gamma(x, mean = mean_delay, sd = sd_delay)) |>"
"0","  ggplot() + theme_bw() +"
"0","  geom_bar(aes(x = x, y = y), stat = ""identity"") +"
"0","  xlab(""Time (days)"") + ylab(""Probability of death"")"
"0",""
