"0","#| message: false"
"0","#| warning: false"
"0","# get a vector of delays for closed recoveries and deaths"
"0","closed_recovery <- linelist %>% "
"0","  filter(!is.na(delay_recovery)) %>% "
"0","  pull(delay_recovery)"
"0",""
"0","closed_death <- linelist %>% "
"0","  filter(!is.na(delay_death)) %>% "
"0","  pull(delay_death)"
"0",""
"0","n <- nrow(linelist)"
"0",""
"0",""
"0","# calculate KM curve to recovery or death"
"0","df_km <- data.frame(day = 0:350) %>%"
"0","  mutate("
"0","    n_recovered = "
"0","      mapply(function(x) sum(closed_recovery <= x), day),"
"0","    n_dead = "
"0","      mapply(function(x) sum(closed_death <= x), day),"
"0","    prop1 = 1 - n_recovered / n,"
"0","    prop2 = n_dead / n"
"0","  )"
"0",""
"0","# plot KM curve"
"0","df_km %>% "
"0","  select(day, prop1, prop2) %>% "
"0","  pivot_longer(cols = -day) %>% "
"0","  ggplot() + "
"0","  geom_step(aes(x = day, y = value, col = name)) +"
"0","  labs(x = ""Time from admission to outcome"", y = """") +"
"0","  scale_y_continuous(limits = c(0, 1), "
"0","                     breaks = seq(0, 1, 0.1),"
"0","                     expand = c(0, 0),"
"0","                     labels = scales::percent) +"
"0","  scale_x_continuous(expand = c(0, 0), limits = c(0, 30)) +"
"0","  scale_color_manual(values = c(""chartreuse3"", ""purple""),"
"0","                     name = """", "
"0","                     labels = c(""Survivorship to\nrecovery"", "
"0","                                ""\nOne minus\nsurvivorship to\ndeath"")) +"
"0","  theme_minimal() +"
"0","  theme(axis.line = element_line(),"
"0","        legend.position = c(0.85, 0.5))"
