"0","#| message: false"
"0","#| warning: false"
"0",""
"0","day_start <- 20"
"0","# estimate CFR using cfr_static() from day 10 onward"
"0","df_cfr <- mapply(function(i) {"
"0","  cfr_static(data = inc_df[1:i,],"
"0","             delay_density = function(x) discrete_gamma(x, "
"0","                                                        mean = mean_delay, "
"0","                                                        sd = sd_delay)) %>% "
"0","    suppressWarnings() %>% "
"0","    suppressMessages()}, "
"0","  day_start:nrow(inc_df), SIMPLIFY = FALSE) %>% "
"0","  bind_rows() %>% "
"0","  mutate(date = inc_df$date[day_start:nrow(inc_df)], .before = 1)"
"0",""
"0","# crude estimate"
"0","hfr_df <- inc_df %>% "
"0","  mutate(hfr_naive = cumsum(deaths) / cumsum(cases)) %>% "
"0","  select(date, hfr_naive)"
"0",""
"0","df_cfr %>% "
"0","  left_join(hfr_df) %>% "
"0","  ggplot(aes(x = date)) +"
"0","  geom_line(aes(y = hfr_naive, col = ""Crude estimate"")) +"
"0","  geom_line(aes(y = severity_estimate, col = ""cfr_static()"")) +"
"0","  geom_hline(yintercept = true_hfr, col = ""red"", linetype = 2) +"
"0","  geom_ribbon(aes(ymin = severity_low, ymax = severity_high), "
"0","              fill = ""green4"", alpha = 0.2) +"
"0","  scale_color_manual(labels = c(""cfr_static()"", ""Crude estimate""),"
"0","                     values = c(""green4"", ""blue4"")) +"
"0","  scale_y_continuous(limits = c(0, 1), expand = c(0, 0),"
"0","                     labels = scales::percent) +"
"0","  labs(x = ""Date"", y = ""HFR"") +"
"0","  theme_minimal() +"
"0","  theme(axis.line = element_line(),"
"0","        legend.title = element_blank(),"
"0","        legend.position = c(0.85, 0.85))"
