"0","#| message: false"
"0","#| warning: false"
"0",""
"0","# function for convolving a vector of cases with a delay distribution"
"0","case_convolve <- function(x, delay) {"
"0","  ret <- rev(convolve(x = rev(x), y = delay, type = ""open""))[1:length(x)]"
"0","  ret[ret < 0] <- 0"
"0","  return(ret)"
"0","}"
"0",""
"0",""
"0","# define parameters data.frame; we will use our estimated mean and SD delays as initial values"
"0","df_params <- define_params(name = ""HFR"", min = 0, max = 1, init = 0.1,"
"0","                           name = ""delay_death_mean"", min = 0, max = Inf, init = mean_delay,"
"0","                           name = ""delay_death_sd"", min = 0, max = Inf, init = sd_delay)"
"0",""
"0","# define log-likelihood function"
"0","loglike <- function(params, data, misc) {"
"0","  "
"0","  # extract parameter values"
"0","  HFR <- params[""HFR""]"
"0","  delay_death_mean <- params[""delay_death_mean""]"
"0","  delay_death_sd <- params[""delay_death_sd""]"
"0","  "
"0","  # get incidence of death by convolution"
"0","  n <- nrow(data)"
"0","  inc_death <- "
"0","    HFR * case_convolve(x = data$cases,"
"0","                        delay = discrete_gamma(0:100, "
"0","                                               mean = delay_death_mean, "
"0","                                               sd = delay_death_sd))"
"0","  "
"0","  # calculate likelihood"
"0","  ret <- sum(dpois(data$deaths, lambda = inc_death[1:n], log = TRUE))"
"0","  "
"0","  # return"
"0","  return(ret)"
"0","}"
"0",""
"0","# define log-prior function"
"0","logprior <- function(params, misc) {"
"0","  "
"0","  # extract parameter values"
"0","  HFR <- params[""HFR""]"
"0","  delay_death_mean <- params[""delay_death_mean""]"
"0","  delay_death_sd <- params[""delay_death_sd""]"
"0","  "
"0","  # calculate log-prior"
"0","  ret <- dunif(HFR, min = 0, max = 1, log = TRUE) +"
"0","    dexp(delay_death_mean, rate = 1 / 16, log = TRUE) +"
"0","    dexp(delay_death_sd, rate = 1 / 8.5, log = TRUE)"
"0","  "
"0","  # return"
"0","  return(ret)"
"0","}"
"0",""
"0","# run MCMC"
"0","set.seed(1)"
"0","mcmc <- run_mcmc(data = inc_df,"
"0","                 df_params = df_params,"
"0","                 loglike = loglike,"
"0","                 logprior = logprior,"
"0","                 burnin = 1e2,"
"0","                 samples = 1e3,"
"0","                 chains = 5,"
"0","                 silent = TRUE)"
"0",""
"0",""
"0","# get 95% CrIs"
"0","mcmc_draws <- mcmc$output |>"
"0","  filter(phase == ""sampling"") |>"
"0","  select(-chain, -phase, -iteration, -logprior, -loglikelihood)"
"0",""
"0","mcmc_CrI <- apply(mcmc_draws, 2, function(x) quantile(x, probs = c(0.025, 0.5, 0.975))) |>"
"0","  t() |>"
"0","  as.data.frame() |>"
"0","  rename(lower_CrI = '2.5%',"
"0","         upper_CrI = '97.5%',"
"0","         median = '50%')"
"0",""
"0","# show table of data"
"0","mcmc_CrI |>"
"0","  round(digits = 3) |>"
"0","  kbl() |>"
"0","  kable_styling(bootstrap_options = ""striped"", full_width = FALSE, position = ""center"")"
