"0","#| message: false"
"0","#| warning: false"
"0",""
"0","n_recov <- sum(linelist$outcome == ""recovery"")"
"0","n_death <- sum(linelist$outcome == ""death"")"
"0","n_open <- nrow(linelist) - n_recov - n_death"
"0",""
"0","delay_recov <- mean(linelist$delay_recovery, na.rm = TRUE)"
"0","delay_death <- mean(linelist$delay_death, na.rm = TRUE)"
"0",""
"0",""
"0","(ggplot(linelist) +"
"0","    geom_histogram(aes(delay_recovery)) +"
"0","    geom_vline(xintercept = delay_recov, linetype = 2, col = ""red"") +"
"0","    theme_minimal() +"
"0","    labs(x = ""Delay to recovery"", y = ""n"","
"0","         title = paste(""N ="", n_recov, "", out of"", nrow(linelist)))) +"
"0","  "
"0","  (ggplot(linelist) +"
"0","     geom_histogram(aes(delay_death)) +"
"0","     geom_vline(xintercept = delay_death, linetype = 2, col = ""red"") +"
"0","     theme_minimal() +"
"0","     labs(x = ""Delay to death"", y = ""n"","
"0","          title = paste(""N ="", n_death, "", out of"", nrow(linelist))"
"0","          ))"
"0",""
