"0","#| message: false"
"0","#| warning: false"
"0",""
"0","closed_hfr <- data %>% "
"0","  select(day, deaths, hospitalisations, recoveries) %>% "
"0","  filter(day %in% survey_times) %>% "
"0","  mutate(deaths = cumsum(deaths),"
"0","         hospitalisations = cumsum(hospitalisations),"
"0","         recoveries = cumsum(recoveries)) %>% "
"0","  mutate(epitools::binom.exact(x = deaths, "
"0","                               n = recoveries + deaths)) %>% "
"0","  mutate(mean = round(proportion, 3),"
"0","         lb = round(lower, 3),"
"0","         ub = round(upper, 3)) %>% "
"0","  select(day, mean, lb, ub)"
"0",""
"0",""
"0","compare <- closed_hfr %>% "
"0","  mutate(type = ""Deaths / (Deaths + Recoveries)"") %>% "
"0","  rbind(., "
"0","        hfr_conf %>% "
"0","          mutate(type = ""Deaths / Hospitalisations""))"
"0",""
"0",""
"0","ggplot(compare) +"
"0","  geom_pointrange(aes(x = day, y = mean, ymin = lb, ymax = ub, col = type)) +"
"0","  geom_hline(yintercept = true_hfr, col = ""red"", linetype = 2) +"
"0","  labs(x = ""Time"", y = ""HFR"") +"
"0","  scale_y_continuous(limits = c(0, 1), expand = c(0, 0),"
"0","                     labels = scales::percent) +"
"0","  theme_minimal() +"
"0","  theme(axis.line = element_line(),"
"0","        legend.position = c(0.7, 0.85),"
"0","        legend.title = element_blank())"
